timestamp,close,volume,market_cap,symbol
2025-09-24 20:31:52.051298,50000.0,14165190.609862357,950000000000.0,BTC
2025-09-24 21:31:52.051298,50248.357076505614,27540076.51838248,954718784453.6067,BTC
2025-09-24 22:31:52.051298,50178.88153674378,32040432.771481216,953398749198.1318,BTC
2025-09-24 23:31:52.051298,50503.88440100439,13636496.586226912,959573803619.0834,BTC
2025-09-25 00:31:52.051298,51273.073639077484,7828447.629568382,974188399142.4722,BTC
2025-09-25 01:31:52.051298,51153.0160068272,41911581.60316566,971907304129.7168,BTC
2025-09-25 02:31:52.051298,51033.247891761086,49235706.85447405,969631709943.4607,BTC
2025-09-25 03:31:52.051298,51839.17148263743,26758818.932831604,984944258170.1112,BTC
2025-09-25 04:31:52.051298,52237.00328790032,9412285.006566871,992503062470.1061,BTC
2025-09-25 05:31:52.051298,51991.76393748363,14343058.999449078,987843514812.189,BTC
2025-09-25 06:31:52.051298,52273.85047456396,1901143.15082587,993203159016.7152,BTC
2025-09-25 07:31:52.051298,52031.604202750495,45800641.52146445,988600479852.2594,BTC
2025-09-25 08:31:52.051298,51789.27754071837,6769803.061616915,983996273273.649,BTC
2025-09-25 09:31:52.051298,51914.588053083535,29249307.300198425,986377173008.5872,BTC
2025-09-25 10:31:52.051298,50921.316495768406,14428705.813673094,967505013419.5997,BTC
2025-09-25 11:31:52.051298,50042.9656269825,28154722.123273876,950816346912.6675,BTC
2025-09-25 12:31:52.051298,49761.580271999635,32919599.029241346,945470025167.993,BTC
2025-09-25 13:31:52.051298,49257.57950103463,41657348.38165288,935894010519.658,BTC
2025-09-25 14:31:52.051298,49412.370130717616,11114642.316269558,938835032483.6348,BTC
2025-09-25 15:31:52.051298,48963.69391364505,1538795.6042655434,930310184359.256,BTC
2025-09-25 16:31:52.051298,48272.17785219216,7707395.873371556,917171379191.651,BTC
2025-09-25 17:31:52.051298,48979.67843261443,45100913.45055715,930613890219.6742,BTC
2025-09-25 18:31:52.051298,48869.09392665907,43820613.800563246,928512784606.5223,BTC
2025-09-25 19:31:52.051298,48902.094348435,30273242.00634511,929139792620.265,BTC
2025-09-25 20:31:52.051298,48205.36264618528,30425326.161249015,915901890277.5203,BTC
2025-09-25 21:31:52.051298,47942.94097964473,33586797.05276652,910915878613.2499,BTC
2025-09-25 22:31:52.051298,47996.12053136242,9593192.65254903,911926290095.886,BTC
2025-09-25 23:31:52.051298,47443.68826663458,45806185.35032303,901430077066.057,BTC
2025-09-26 00:31:52.051298,47621.93326328242,21519755.719711583,904816732002.3661,BTC
2025-09-26 01:31:52.051298,47335.897507215836,19773787.884225376,899382052637.1008,BTC
2025-09-26 02:31:52.051298,47197.82165277874,26426967.55885904,896758611402.796,BTC
2025-09-26 03:31:52.051298,46913.82923906573,3301332.371977697,891362755542.2489,BTC
2025-09-26 04:31:52.051298,47782.80386357872,9147885.06904789,907873273407.9957,BTC
2025-09-26 05:31:52.051298,47776.35451115517,37163647.20489215,907750735711.9482,BTC
2025-09-26 06:31:52.051298,47271.018788033965,5057134.728331197,898149356972.6454,BTC
2025-09-26 07:31:52.051298,47659.844147974276,30554453.363853022,905537038811.5112,BTC
2025-09-26 08:31:52.051298,47077.99196710764,13022106.374384727,894481847375.0452,BTC
2025-09-26 09:31:52.051298,47176.320753586195,20075485.08805685,896350094318.1377,BTC
2025-09-26 10:31:52.051298,46251.82049023247,15145993.101764293,878784589314.417,BTC
2025-09-26 11:31:52.051298,45637.51026311966,18427963.106782507,867112694999.2734,BTC
2025-09-26 12:31:52.051298,45727.352829843534,36233249.35402803,868819703767.0271,BTC
2025-09-26 13:31:52.051298,46065.03404840852,15558964.065535575,875235646919.7618,BTC
2025-09-26 14:31:52.051298,46143.97490548685,28753827.374547962,876735523204.2501,BTC
2025-09-26 15:31:52.051298,46090.610191083,24326469.707755882,875721593630.5769,BTC
2025-09-26 16:31:52.051298,45951.82966047799,33519887.10276976,873084763549.0818,BTC
2025-09-26 17:31:52.051298,45272.42175397164,46904657.22691314,860176013325.4612,BTC
2025-09-26 18:31:52.051298,44946.53084797565,36896032.76330227,853984086111.5374,BTC
2025-09-26 19:31:52.051298,44739.48970068847,11532078.550947081,850050304313.0809,BTC
2025-09-26 20:31:52.051298,45212.440790211374,2527973.618002949,859036375014.0161,BTC
2025-09-26 21:31:52.051298,45367.79900592685,13850938.170691429,861988181112.6101,BTC
2025-09-26 22:31:52.051298,44567.9464918481,30158818.604312487,846790983345.1139,BTC
2025-09-26 23:31:52.051298,44712.38406191664,3519864.860728267,849535297176.4161,BTC
2025-09-27 00:31:52.051298,44540.20459374251,25321946.11286058,846263887281.1077,BTC
2025-09-27 01:31:52.051298,44238.70214986618,30245299.596927572,840535340847.4574,BTC
2025-09-27 02:31:52.051298,44509.29980140785,17377950.65003108,845676696226.7491,BTC
2025-09-27 03:31:52.051298,44968.19046982665,38774697.98354527,854395618926.7064,BTC
2025-09-27 04:31:52.051298,45386.97028759846,6223314.403554819,862352435464.3707,BTC
2025-09-27 05:31:52.051298,45006.07487968508,4681751.305054629,855115422714.0166,BTC
2025-09-27 06:31:52.051298,44866.91052627223,36681249.053976566,852471299999.1724,BTC
2025-09-27 07:31:52.051298,45015.53819364633,25279074.494103726,855295225679.2803,BTC
2025-09-27 08:31:52.051298,45454.68508294236,34731717.42495906,863639016575.9048,BTC
2025-09-27 09:31:52.051298,45236.87794213119,22306539.591583565,859500680900.4927,BTC
2025-09-27 10:31:52.051298,45152.89161746917,13073699.628716234,857904940731.9142,BTC
2025-09-27 11:31:52.051298,44653.34938573007,41136013.566035785,848413638328.8713,BTC
2025-09-27 12:31:52.051298,44119.20306250408,40171378.06947999,838264858187.5775,BTC
2025-09-27 13:31:52.051298,44477.682980021455,35040127.071866915,845075976620.4076,BTC
2025-09-27 14:31:52.051298,45080.907120377335,14335111.724268172,856537235287.1693,BTC
2025-09-27 15:31:52.051298,45048.444304350436,29921302.67658527,855920441782.6583,BTC
2025-09-27 16:31:52.051298,45500.52026293316,18687720.950061314,864509884995.7301,BTC
2025-09-27 17:31:52.051298,45665.06653578803,5487521.593005073,867636264179.9725,BTC
2025-09-27 18:31:52.051298,45370.47217061208,45948365.197649896,862038971241.6296,BTC
2025-09-27 19:31:52.051298,45534.43906323509,7704112.9150291085,865154342201.4668,BTC
2025-09-27 20:31:52.051298,46234.77538636281,47561630.33721932,878460732340.8934,BTC
2025-09-27 21:31:52.051298,46218.211297650494,22854282.874939833,878146014655.3594,BTC
2025-09-27 22:31:52.051298,46941.3616085499,10071513.513092363,891885870562.4481,BTC
2025-09-27 23:31:52.051298,45711.61758601685,27553146.42153955,868520734134.3202,BTC
2025-09-28 00:31:52.051298,46087.322515746746,43774345.957944006,875659127799.1882,BTC
2025-09-28 01:31:52.051298,46127.440178826175,36879019.4340685,876421363397.6973,BTC
2025-09-28 02:31:52.051298,45989.51574210974,40521496.245211035,873800799100.0851,BTC
2025-09-28 03:31:52.051298,46031.71607887962,33280384.96882515,874602605498.7128,BTC
2025-09-28 04:31:52.051298,45116.803999238466,34921551.66137477,857219275985.5309,BTC
2025-09-28 05:31:52.051298,45017.69506416139,42610586.926700644,855336206219.0664,BTC
2025-09-28 06:31:52.051298,45178.45891264033,13233732.434100112,858390719340.1663,BTC
2025-09-28 07:31:52.051298,45846.14866641624,24981823.218513884,871076824661.9084,BTC
2025-09-28 08:31:52.051298,45608.541731652746,11839262.64916051,866562292901.4022,BTC
2025-09-28 09:31:52.051298,45239.799589379465,49395732.391835704,859556192198.2098,BTC
2025-09-28 10:31:52.051298,45012.80570843622,47258907.64464405,855243308460.2882,BTC
2025-09-28 11:31:52.051298,45424.85388512837,2931913.757056789,863072223817.439,BTC
2025-09-28 12:31:52.051298,45574.188596337015,35573183.45326874,865909583330.4033,BTC
2025-09-28 13:31:52.051298,45332.75468196389,46337167.55336762,861322338957.3138,BTC
2025-09-28 14:31:52.051298,45565.43294827958,9848191.911239343,865743226017.312,BTC
2025-09-28 15:31:52.051298,45609.6667539356,28829316.297078844,866583668324.7764,BTC
2025-09-28 16:31:52.051298,46051.46250614634,45858926.58181405,874977787616.7804,BTC
2025-09-28 17:31:52.051298,45728.156788846165,2663352.9507041434,868834978988.0771,BTC
2025-09-28 18:31:52.051298,45578.32292871224,35173593.09509516,865988135645.5325,BTC
2025-09-28 19:31:52.051298,45399.60660844785,15570101.361254988,862592525560.5092,BTC
2025-09-28 20:31:52.051298,44735.17657934004,46295413.57344999,849968355007.4608,BTC
2025-09-28 21:31:52.051298,44867.64650817211,48581854.01310302,852485283655.2701,BTC
2025-09-28 22:31:52.051298,44984.77586488474,47269057.96655826,854710741432.81,BTC
2025-09-28 23:31:52.051298,44987.0761418943,24236496.616215724,854754446695.9917,BTC
2025-09-29 00:31:52.051298,44881.542249583734,43240089.898476355,852749302742.091,BTC
2025-09-29 01:31:52.051298,44246.30203200213,42382920.52821845,840679738608.0405,BTC
2025-09-29 02:31:52.051298,44060.182032007884,16635923.188919526,837143458608.1498,BTC
2025-09-29 03:31:52.051298,43909.18139217608,41616858.23338319,834274446451.3455,BTC
2025-09-29 04:31:52.051298,43556.90801076536,2813374.1010591383,827581252204.5417,BTC
2025-09-29 05:31:52.051298,43486.65694170049,30217224.045620598,826246481892.3092,BTC
2025-09-29 06:31:52.051298,43662.365151673424,12270433.027097449,829584937881.795,BTC
2025-09-29 07:31:52.051298,44485.91852729935,6907777.403086661,845232452018.6876,BTC
2025-09-29 08:31:52.051298,44563.58107088246,4770706.879831249,846708040346.7667,BTC
2025-09-29 09:31:52.051298,44678.35474805057,35118150.01802885,848888740212.9609,BTC
2025-09-29 10:31:52.051298,44645.09353770913,17653873.22463524,848256777216.4735,BTC
2025-09-29 11:31:52.051298,43788.45633386423,36513571.80490931,831980670343.4204,BTC
2025-09-29 12:31:52.051298,43776.846317090734,4202460.699148176,831760080024.724,BTC
2025-09-29 13:31:52.051298,43803.21320353308,16449226.553699907,832261050867.1285,BTC
2025-09-29 14:31:52.051298,44882.192397784216,27435073.32639152,852761655557.9001,BTC
2025-09-29 15:31:52.051298,44795.856579472915,39745435.07710921,851121275009.9854,BTC
2025-09-29 16:31:52.051298,44930.93729446389,16618872.643671425,853687808594.8138,BTC
2025-09-29 17:31:52.051298,44915.34097098383,31668677.445413444,853391478448.6927,BTC
2025-09-29 18:31:52.051298,44390.42524553402,44412909.66357317,843418079665.1464,BTC
2025-09-29 19:31:52.051298,44897.72915270021,31177296.220932923,853056853901.304,BTC
2025-09-29 20:31:52.051298,45235.3300091256,12415014.262928054,859471270173.3865,BTC
2025-09-29 21:31:52.051298,45593.155920848134,2195638.296270363,866269962496.1145,BTC
2025-09-29 22:31:52.051298,45178.53748065894,43634844.821145564,858392212132.5199,BTC
2025-09-29 23:31:52.051298,45812.299434201756,2042201.1316689698,870433689249.8334,BTC
2025-09-30 00:31:52.051298,45170.079227693815,43860381.96152577,858231505326.1825,BTC
2025-09-30 01:31:52.051298,45435.163041916734,26917919.56733339,863268097796.418,BTC
2025-09-30 02:31:52.051298,46430.40012686433,47014317.22713191,882177602410.4224,BTC
2025-09-30 03:31:52.051298,45970.490147704215,40140378.552909605,873439312806.3801,BTC
2025-09-30 04:31:52.051298,45710.1603057105,49898771.41613354,868493045808.4995,BTC
2025-09-30 05:31:52.051298,45755.711104438895,18184878.957133796,869358510984.339,BTC
2025-09-30 06:31:52.051298,45525.3422386603,38592226.15762522,864981502534.5457,BTC
2025-09-30 07:31:52.051298,44819.39740469769,20694614.766852867,851568550689.2561,BTC
2025-09-30 08:31:52.051298,44850.12691684848,24513905.394891534,852152411420.1211,BTC
2025-09-30 09:31:52.051298,44373.682352999924,31747767.697700135,843099964706.9985,BTC
2025-09-30 10:31:52.051298,44583.832753817835,43810178.5951306,847092822322.5388,BTC
2025-09-30 11:31:52.051298,44173.91819092897,49220089.99076546,839304445627.6504,BTC
2025-09-30 12:31:52.051298,44858.584947014475,38645397.27936139,852313113993.275,BTC
2025-09-30 13:31:52.051298,44507.22860352154,21470572.326199353,845637343466.9092,BTC
2025-09-30 14:31:52.051298,44363.88794825991,21646493.111576438,842913871016.9382,BTC
2025-09-30 15:31:52.051298,44724.79581501359,37141532.77785568,849771120485.2582,BTC
2025-09-30 16:31:52.051298,44174.29426272864,12700080.142646814,839311590991.8441,BTC
2025-09-30 17:31:52.051298,44274.77308357048,6413231.543438339,841220688587.8391,BTC
2025-09-30 18:31:52.051298,44853.50757190736,18376485.72439805,852216643866.2397,BTC
2025-09-30 19:31:52.051298,44132.494957576295,15074710.591050005,838517404193.9496,BTC
2025-09-30 20:31:52.051298,44213.978485883046,15519097.902343513,840065591231.7778,BTC
2025-09-30 21:31:52.051298,44328.883008620556,12446779.801445587,842248777163.7905,BTC
2025-09-30 22:31:52.051298,44675.456354785354,3062566.292181732,848833670740.9218,BTC
2025-09-30 23:31:52.051298,44122.84297981681,1875822.8019372767,838334016616.5193,BTC
2025-10-01 00:31:52.051298,43540.21998180902,49398397.097065546,827264179654.3715,BTC
2025-10-01 01:31:52.051298,43767.47448765511,21960883.553057253,831582015265.4471,BTC
2025-10-01 02:31:52.051298,43897.45717874469,19832005.710824404,834051686396.1492,BTC
2025-10-01 03:31:52.051298,44007.41717046109,34302716.85196042,836140926238.7607,BTC
2025-10-01 04:31:52.051298,44159.880079294024,11694440.505388144,839037721506.5864,BTC
2025-10-01 05:31:52.051298,43859.58197773541,47548098.01356104,833332057576.9728,BTC
2025-10-01 06:31:52.051298,43961.447478438065,39530905.706362054,835267502090.3232,BTC
2025-10-01 07:31:52.051298,44090.28637986103,5381139.1133007165,837715441217.3595,BTC
2025-10-01 08:31:52.051298,43775.3267938946,21461458.01346149,831731209083.9974,BTC
2025-10-01 09:31:52.051298,44592.07568338541,44076797.07054607,847249437984.3228,BTC
2025-10-01 10:31:52.051298,44803.36761809119,47291869.09227911,851263984743.7327,BTC
2025-10-01 11:31:52.051298,44269.62353279231,23902674.051243618,841122847123.054,BTC
2025-10-01 12:31:52.051298,44560.27734362547,31057158.071324676,846645269528.8839,BTC
2025-10-01 13:31:52.051298,44125.9564881547,9184663.358511686,838393173274.9392,BTC
2025-10-01 14:31:52.051298,44473.26509792706,49567262.68071185,844992036860.6141,BTC
2025-10-01 15:31:52.051298,44988.530381191886,12351913.367788726,854782077242.6459,BTC
2025-10-01 16:31:52.051298,44619.31746706716,47193856.93262116,847767031874.276,BTC
2025-10-01 17:31:52.051298,45049.16932057663,32832685.800626054,855934217090.9559,BTC
2025-10-01 18:31:52.051298,45235.123699275304,30779102.9490641,859467350286.2307,BTC
2025-10-01 19:31:52.051298,45606.98362953127,26121737.03980892,866532688961.0941,BTC
2025-10-01 20:31:52.051298,46472.053694616356,12302820.774170175,882969020197.7108,BTC
2025-10-01 21:31:52.051298,46358.01679758729,9649873.568269905,880802319154.1586,BTC
2025-10-01 22:31:52.051298,46008.599659904954,11803824.244438592,874163393538.1941,BTC
2025-10-01 23:31:52.051298,45599.34652706146,10135474.845068472,866387584014.1677,BTC
2025-10-02 00:31:52.051298,45227.34236821667,39199639.204770915,859319504996.1167,BTC
2025-10-02 01:31:52.051298,45192.471314128205,18156137.699169774,858656954968.4359,BTC
2025-10-02 02:31:52.051298,45346.64632248479,3834291.151606422,861586280127.211,BTC
2025-10-02 03:31:52.051298,45472.11632066383,48486028.87689976,863970210092.6128,BTC
2025-10-02 04:31:52.051298,45848.25404985054,44305508.36320786,871116826947.1603,BTC
2025-10-02 05:31:52.051298,45854.21519027001,46459861.876565434,871230088615.1302,BTC
2025-10-02 06:31:52.051298,46520.721833873635,49750483.30967533,883893714843.5991,BTC
2025-10-02 07:31:52.051298,46397.601564668665,9520867.211754877,881554429728.7046,BTC
2025-10-02 08:31:52.051298,47659.69481646788,20415858.926230278,905534201512.8898,BTC
2025-10-02 09:31:52.051298,47957.88596497898,38153685.30950047,911199833334.6006,BTC
2025-10-02 10:31:52.051298,47546.81132153266,35105010.28463582,903389415109.1205,BTC
2025-10-02 11:31:52.051298,47037.63608602309,8540899.410652898,893715085634.4387,BTC
2025-10-02 12:31:52.051298,47264.57970492063,40975823.12454027,898027014393.492,BTC
2025-10-02 13:31:52.051298,47158.96095863946,11997588.019996373,896020258214.1497,BTC
2025-10-02 14:31:52.051298,47495.67617289284,11967063.12630853,902417847284.964,BTC
2025-10-02 15:31:52.051298,47720.44358258858,27311746.721777264,906688428069.183,BTC
2025-10-02 16:31:52.051298,47685.68930241234,30054056.807243455,906028096745.8345,BTC
2025-10-02 17:31:52.051298,47281.88988098189,29424224.184052747,898355907738.656,BTC
2025-10-02 18:31:52.051298,46565.64148434081,5482855.032489989,884747188202.4755,BTC
2025-10-02 19:31:52.051298,46357.718932587304,43995582.26888864,880796659719.1588,BTC
2025-10-02 20:31:52.051298,46754.72587860184,14014402.086846597,888339791693.435,BTC
2025-10-02 21:31:52.051298,46854.824821793154,7346231.142857404,890241671614.07,BTC
2025-10-02 22:31:52.051298,46271.1360992905,44548655.91357988,879151585886.5195,BTC
2025-10-02 23:31:52.051298,46351.26888118912,47826923.41325791,880674108742.5933,BTC
2025-10-03 00:31:52.051298,46529.86837591319,43244253.24600708,884067499142.3506,BTC
2025-10-03 01:31:52.051298,46118.610674218085,40666287.66151903,876253602810.1437,BTC
2025-10-03 02:31:52.051298,46189.506557337634,33106857.051312063,877600624589.415,BTC
2025-10-03 03:31:52.051298,46216.39287716119,27992011.159847826,878111464666.0626,BTC
2025-10-03 04:31:52.051298,45688.153233846526,5262351.235659096,868074911443.084,BTC
2025-10-03 05:31:52.051298,45851.61967129378,21014207.440464236,871180773754.5819,BTC
2025-10-03 06:31:52.051298,46108.748459499606,19261737.333603386,876066220730.4926,BTC
2025-10-03 07:31:52.051298,46608.12983290278,13727935.404255984,885554466825.1528,BTC
2025-10-03 08:31:52.051298,47099.287261497004,36447585.57074066,894886457968.4431,BTC
2025-10-03 09:31:52.051298,46450.41480836924,25297911.01885977,882557881359.0156,BTC
2025-10-03 10:31:52.051298,46014.79118715192,4971264.579474749,874281032555.8865,BTC
2025-10-03 11:31:52.051298,46251.78358989817,11788976.895540755,878783888208.0653,BTC
2025-10-03 12:31:52.051298,46489.41875602939,34479679.4193202,883298956364.5583,BTC
2025-10-03 13:31:52.051298,46728.861431709454,4730412.115024709,887848367202.4796,BTC
2025-10-03 14:31:52.051298,48529.19899131334,42709138.78838967,922054780834.9534,BTC
2025-10-03 15:31:52.051298,48806.247583270146,25262179.82368474,927318704082.1328,BTC
2025-10-03 16:31:52.051298,49360.474561087234,24548742.289005753,937849016660.6575,BTC
2025-10-03 17:31:52.051298,49831.37435886862,30027981.44831636,946796112818.5038,BTC
2025-10-03 18:31:52.051298,50155.97157184773,41409367.33033231,952963459865.1069,BTC
2025-10-03 19:31:52.051298,49997.84521913114,18042651.18720746,949959059163.4916,BTC
2025-10-03 20:31:52.051298,50377.31347525421,34222791.475394115,957168956029.83,BTC
2025-10-03 21:31:52.051298,49987.98489431081,28720866.235793762,949771712991.9054,BTC
2025-10-03 22:31:52.051298,49869.6040449467,14084385.238301644,947522476853.9872,BTC
2025-10-03 23:31:52.051298,49627.55516546582,44052869.33140274,942923548143.8506,BTC
2025-10-04 00:31:52.051298,49668.187299156016,40073875.058739476,943695558683.9644,BTC
2025-10-04 01:31:52.051298,50817.83625138737,33264139.89826285,965538888776.3601,BTC
2025-10-04 02:31:52.051298,49868.93248343695,42678504.725617856,947509717185.302,BTC
2025-10-04 03:31:52.051298,50211.16311443552,43497415.84703032,954012099174.2749,BTC
2025-10-04 04:31:52.051298,49401.39971778009,35709785.85903671,938626594637.8218,BTC
2025-10-04 05:31:52.051298,49168.25877036588,42013653.08981993,934196916636.9517,BTC
2025-10-04 06:31:52.051298,49703.67681776424,35176101.6217949,944369859537.5205,BTC
2025-10-04 07:31:52.051298,49735.62635071384,34326897.81625472,944976900663.563,BTC
2025-10-04 08:31:52.051298,49199.6032349486,31311957.53254403,934792461464.0233,BTC
2025-10-04 09:31:52.051298,48847.67664806782,37883115.33832442,928105856313.2886,BTC
2025-10-04 10:31:52.051298,49179.644358974976,8771650.159360612,934413242820.5245,BTC
2025-10-04 11:31:52.051298,48820.452646979866,44162667.20074749,927588600292.6174,BTC
2025-10-04 12:31:52.051298,48926.12871020705,43720332.85951637,929596445493.934,BTC
2025-10-04 13:31:52.051298,48948.425247253996,2433116.8686933983,930020079697.8259,BTC
2025-10-04 14:31:52.051298,48629.47713819532,41465020.77767337,923960065625.711,BTC
2025-10-04 15:31:52.051298,49672.06593896946,7314623.506198815,943769252840.4198,BTC
2025-10-04 16:31:52.051298,49986.94661373494,17420823.858697955,949751985660.9639,BTC
2025-10-04 17:31:52.051298,48974.63967009039,37431904.55828878,930518153731.7175,BTC
2025-10-04 18:31:52.051298,49065.95499889806,8877234.906367103,932253144979.0631,BTC
2025-10-04 19:31:52.051298,48741.243149906004,41080384.18183405,926083619848.2141,BTC
2025-10-04 20:31:52.051298,49156.72975430989,41774574.71992935,933977865331.888,BTC
2025-10-04 21:31:52.051298,48767.15247667167,25865918.954280972,926575897056.7617,BTC
2025-10-04 22:31:52.051298,48711.1987813152,1312907.7141248453,925512776844.9888,BTC
2025-10-04 23:31:52.051298,48957.184138599725,15064868.525570726,930186498633.3948,BTC
2025-10-05 00:31:52.051298,49381.033503199076,31229419.00041137,938239636560.7825,BTC
2025-10-05 01:31:52.051298,48788.31473229317,49078122.72334375,926977979913.5702,BTC
2025-10-05 02:31:52.051298,48625.117216567676,31958862.82381675,923877227114.7859,BTC
2025-10-05 03:31:52.051298,48394.174502301066,13730375.47214383,919489315543.7202,BTC
2025-10-05 04:31:52.051298,48078.001213414806,32066279.451880958,913482023054.8813,BTC
2025-10-05 05:31:52.051298,48926.79632447943,27459283.60607692,929609130165.1091,BTC
2025-10-05 06:31:52.051298,49124.94090135269,39212424.36240604,933373877125.701,BTC
2025-10-05 07:31:52.051298,48505.53240395096,6242051.3025209615,921605115675.0682,BTC
2025-10-05 08:31:52.051298,48950.74622810314,38290367.22259937,930064178333.9597,BTC
2025-10-05 09:31:52.051298,49989.557522666764,27522062.355129402,949801592930.6686,BTC
2025-10-05 10:31:52.051298,50505.68233799153,48186608.189090736,959607964421.8391,BTC
2025-10-05 11:31:52.051298,49738.31416944795,17751736.135895617,945027969219.511,BTC
2025-10-05 12:31:52.051298,49497.46430497022,31998472.763563458,940451821794.4342,BTC
2025-10-05 13:31:52.051298,50124.55319881456,46669377.16999085,952366510777.4767,BTC
2025-10-05 14:31:52.051298,49769.83704104871,6022976.671543283,945626903779.9255,BTC
2025-10-05 15:31:52.051298,49990.7252471936,46924195.874586105,949823779696.6785,BTC
2025-10-05 16:31:52.051298,50377.970428514665,34706400.392739855,957181438141.7787,BTC
2025-10-05 17:31:52.051298,49911.00166965017,4324015.896153423,948309031723.3533,BTC
2025-10-05 18:31:52.051298,49881.2919681923,15747214.780393997,947744547395.6537,BTC
2025-10-05 19:31:52.051298,48264.50594282278,35700432.343618795,917025612913.6329,BTC
2025-10-05 20:31:52.051298,47770.09030879345,4300179.471969813,907631715867.0756,BTC
2025-10-05 21:31:52.051298,47649.438274781685,29526352.54863739,905339327220.852,BTC
2025-10-05 22:31:52.051298,47054.87659768824,17948269.79069488,894042655356.0767,BTC
2025-10-05 23:31:52.051298,47823.005722319984,31424860.370606378,908637108724.0797,BTC
2025-10-06 00:31:52.051298,47139.0691293006,3241359.65681313,895642313456.7114,BTC
2025-10-06 01:31:52.051298,46931.63625451683,43705303.50146644,891701088835.8198,BTC
2025-10-06 02:31:52.051298,46992.99494668579,48700959.48969245,892866903987.0299,BTC
2025-10-06 03:31:52.051298,47670.29243058456,48475014.908998884,905735556181.1066,BTC
2025-10-06 04:31:52.051298,46985.81274421724,37732939.75540331,892730442140.1276,BTC
2025-10-06 05:31:52.051298,47532.33468671337,7374225.766400967,903114359047.5541,BTC
2025-10-06 06:31:52.051298,47537.1986995259,38154896.60052211,903206775290.9921,BTC
2025-10-06 07:31:52.051298,47070.6169818242,2204758.906481274,894341722654.6598,BTC
2025-10-06 08:31:52.051298,47288.131938254366,2084054.0249208654,898474506826.833,BTC
2025-10-06 09:31:52.051298,47382.26354973304,16856900.73832752,900263007444.9277,BTC
2025-10-06 10:31:52.051298,47097.86720712768,24943516.32982862,894859476935.4259,BTC
2025-10-06 11:31:52.051298,47130.74250042409,38749963.47258186,895484107508.0576,BTC
2025-10-06 12:31:52.051298,46949.14134126805,34481473.45371875,892033685484.0929,BTC
2025-10-06 13:31:52.051298,47002.43676013691,22849232.61246067,893046298442.6013,BTC
2025-10-06 14:31:52.051298,47313.654311698134,14407706.647801628,898959431922.2645,BTC
2025-10-06 15:31:52.051298,48064.05682541454,49859100.50772785,913217079682.8762,BTC
2025-10-06 16:31:52.051298,47469.11248066462,21882883.809562676,901913137132.6278,BTC
2025-10-06 17:31:52.051298,48481.64449253032,23117964.1921541,921151245358.0762,BTC
2025-10-06 18:31:52.051298,47535.240225383764,9017567.23839179,903169564282.2915,BTC
2025-10-06 19:31:52.051298,47463.08881583227,39945667.88874654,901798687500.8131,BTC
2025-10-06 20:31:52.051298,47742.32233406487,34990429.06329294,907104124347.2325,BTC
2025-10-06 21:31:52.051298,47876.47437729144,11817711.026649259,909653013168.5374,BTC
2025-10-06 22:31:52.051298,47578.34780123702,5036671.235176292,903988608223.5033,BTC
2025-10-06 23:31:52.051298,47479.32667311027,34344465.80166094,902107206789.0951,BTC
2025-10-07 00:31:52.051298,47245.253148842115,33071049.499775626,897659809828.0002,BTC
2025-10-07 01:31:52.051298,46966.80627745377,14389716.822912257,892369319271.6216,BTC
2025-10-07 02:31:52.051298,47365.83724849082,47592314.55027011,899950907721.3256,BTC
2025-10-07 03:31:52.051298,47534.94062252493,8401836.69726411,903163871827.9738,BTC
2025-10-07 04:31:52.051298,47205.56645785001,22184405.251087494,896905762699.1501,BTC
2025-10-07 05:31:52.051298,47630.22767490238,47237180.08821235,904974325823.1453,BTC
2025-10-07 06:31:52.051298,47776.59513633979,21566638.529379994,907755307590.456,BTC
2025-10-07 07:31:52.051298,48164.95297987415,32287771.43554019,915134106617.6089,BTC
2025-10-07 08:31:52.051298,48468.21341553438,20482125.500176918,920896054895.1532,BTC
2025-10-07 09:31:52.051298,48066.41434443654,14436544.915084831,913261872544.2943,BTC
2025-10-07 10:31:52.051298,47797.155404576486,49214904.75003158,908145952686.9532,BTC
2025-10-07 11:31:52.051298,48154.34049034572,21057366.309437107,914932469316.5687,BTC
2025-10-07 12:31:52.051298,48448.260266214376,44810860.98027759,920516945058.0731,BTC
2025-10-07 13:31:52.051298,48438.13380757083,12267775.688663224,920324542343.8458,BTC
2025-10-07 14:31:52.051298,48494.96500249086,11442130.497229083,921404335047.3264,BTC
2025-10-07 15:31:52.051298,49114.56814655257,2525570.0613410566,933176794784.4988,BTC
2025-10-07 16:31:52.051298,48824.02041364729,32931674.44341837,927656387859.2985,BTC
2025-10-07 17:31:52.051298,49091.135350712284,19057790.842464294,932731571663.5334,BTC
2025-10-07 18:31:52.051298,48991.87668203677,43353554.242142215,930845656958.6986,BTC
2025-10-07 19:31:52.051298,48885.23057539172,24187285.4278863,928819380932.4426,BTC
2025-10-07 20:31:52.051298,49422.370172994684,48441477.96782137,939025033286.899,BTC
2025-10-07 21:31:52.051298,49830.31049645996,10090750.269452937,946775899432.7393,BTC
2025-10-07 22:31:52.051298,50235.68487399771,43562535.22982493,954478012605.9564,BTC
2025-10-07 23:31:52.051298,50891.50109365658,39053245.78679535,966938520779.4751,BTC
2025-10-08 00:31:52.051298,50902.19026395082,38775170.38755855,967141615015.0656,BTC
2025-10-08 01:31:52.051298,51249.319262910045,42394378.1777275,973737065995.2909,BTC
2025-10-08 02:31:52.051298,51090.30966225679,38290175.55620695,970715883582.879,BTC
2025-10-08 03:31:52.051298,51255.927255563976,31684795.759939354,973862617855.7156,BTC
2025-10-08 04:31:52.051298,51189.22122628911,7430999.0064369915,972595203299.4932,BTC
2025-10-08 05:31:52.051298,51238.872705389804,2593782.795071344,973538581402.4062,BTC
2025-10-08 06:31:52.051298,51543.82445605061,46121544.54296865,979332664664.9615,BTC
2025-10-08 07:31:52.051298,51122.08222342165,31215865.411516163,971319562245.0112,BTC
2025-10-08 08:31:52.051298,52191.75416692998,40030327.25783264,991643329171.6697,BTC
2025-10-08 09:31:52.051298,51666.69604830107,24594595.224114954,981667224917.7203,BTC
2025-10-08 10:31:52.051298,51039.36490827895,6748101.25915733,969747933257.3,BTC
2025-10-08 11:31:52.051298,51630.4573430471,7134103.817924972,980978689517.8949,BTC
2025-10-08 12:31:52.051298,52039.19641255445,34592699.0742196,988744731838.5345,BTC
2025-10-08 13:31:52.051298,52363.98334999989,22084988.850073673,994915683649.9979,BTC
2025-10-08 14:31:52.051298,52693.01008785151,10825711.6083165,1001167191669.1786,BTC
2025-10-08 15:31:52.051298,52686.556894599846,25088132.790330406,1001044580997.3971,BTC
2025-10-08 16:31:52.051298,52213.82445967768,4146237.9166815705,992062664733.8759,BTC
2025-10-08 17:31:52.051298,52253.40491862539,29516598.69380554,992814693453.8824,BTC
2025-10-08 18:31:52.051298,51899.56486755508,14180676.817319786,986091732483.5465,BTC
2025-10-08 19:31:52.051298,52405.64776613655,40080395.93122222,995707307556.5945,BTC
2025-10-08 20:31:52.051298,52328.58139277244,16207735.987255115,994243046462.6763,BTC
2025-10-08 21:31:52.051298,51896.61042025381,23305787.30500826,986035597984.8224,BTC
2025-10-08 22:31:52.051298,51729.82206206531,1569406.4554969312,982866619179.2408,BTC
2025-10-08 23:31:52.051298,51943.43076860039,4549897.501933385,986925184603.4073,BTC
2025-10-09 00:31:52.051298,51650.612895789054,20232184.263927557,981361645019.9921,BTC
2025-10-09 01:31:52.051298,51225.93102212481,24517002.90113905,973292689420.3713,BTC
2025-10-09 02:31:52.051298,51350.76206499339,30401006.857845884,975664479234.8744,BTC
2025-10-09 03:31:52.051298,51476.55426606221,15291466.356755858,978054531055.182,BTC
2025-10-09 04:31:52.051298,51215.59738729419,35054112.42020059,973096350358.5896,BTC
2025-10-09 05:31:52.051298,50974.35230514878,43145997.46227103,968512693797.8268,BTC
2025-10-09 06:31:52.051298,51092.63825774134,39212698.45577414,970760126897.0854,BTC
2025-10-09 07:31:52.051298,50352.77376347312,2941322.4420695,956702701505.9893,BTC
2025-10-09 08:31:52.051298,49644.076713358445,24544840.41563362,943237457553.8104,BTC
2025-10-09 09:31:52.051298,49287.411713017194,6141578.742490568,936460822547.3267,BTC
2025-10-09 10:31:52.051298,49182.20913656327,12860205.777263846,934461973594.7021,BTC
2025-10-09 11:31:52.051298,49335.120345697076,49346467.070090175,937367286568.2445,BTC
2025-10-09 12:31:52.051298,50062.989110856855,7982281.602174148,951196793106.2803,BTC
2025-10-09 13:31:52.051298,50492.35915462869,25445519.519116446,959354823937.9452,BTC
2025-10-09 14:31:52.051298,50411.602417652924,31289630.981587835,957820445935.4055,BTC
2025-10-09 15:31:52.051298,50402.01604253011,35420783.55666109,957638304808.072,BTC
2025-10-09 16:31:52.051298,49896.72103133429,28422785.49085879,948037699595.3514,BTC
2025-10-09 17:31:52.051298,49887.48358351401,1478771.5235399993,947862188086.7662,BTC
2025-10-09 18:31:52.051298,49743.47905241033,16996604.103955604,945126101995.7963,BTC
2025-10-09 19:31:52.051298,49904.01049187035,26367870.52585086,948176199345.5366,BTC
2025-10-09 20:31:52.051298,49491.189075008,5305458.458096834,940332592425.152,BTC
2025-10-09 21:31:52.051298,49748.21984032556,18180719.629249856,945216176966.1857,BTC
2025-10-09 22:31:52.051298,50510.730164344306,2626952.3307769615,959703873122.5419,BTC
2025-10-09 23:31:52.051298,50455.794619230925,4850346.360596016,958660097765.3876,BTC
2025-10-10 00:31:52.051298,50658.48146069455,20449240.533878207,962511147753.1964,BTC
2025-10-10 01:31:52.051298,51008.097926787625,7503071.948109957,969153860608.9648,BTC
2025-10-10 02:31:52.051298,50803.44299558578,28809501.56481635,965265416916.1298,BTC
2025-10-10 03:31:52.051298,50917.289691839724,34783783.48772602,967428504144.9547,BTC
2025-10-10 04:31:52.051298,50923.70140102495,40228748.25634506,967550326619.474,BTC
2025-10-10 05:31:52.051298,50973.44168579012,10807361.967995694,968495392030.0123,BTC
2025-10-10 06:31:52.051298,50579.4119943911,9206646.530694418,961008827893.4309,BTC
2025-10-10 07:31:52.051298,50591.80909641008,6123824.176385612,961244372831.7915,BTC
2025-10-10 08:31:52.051298,50843.75544122037,32185082.227638196,966031353383.187,BTC
2025-10-10 09:31:52.051298,51581.571348268575,35617310.59785815,980049855617.1029,BTC
2025-10-10 10:31:52.051298,52076.378313848836,2547721.0964564597,989451187963.1279,BTC
2025-10-10 11:31:52.051298,53197.677756209974,46874400.0659408,1010755877367.9895,BTC
2025-10-10 12:31:52.051298,52789.46667243465,3546592.898922148,1002999866776.2584,BTC
2025-10-10 13:31:52.051298,53249.960084233084,27523520.429752454,1011749241600.4286,BTC
2025-10-10 14:31:52.051298,53347.58962910639,35743965.45309491,1013604202953.0215,BTC
2025-10-10 15:31:52.051298,54515.796711605486,43677487.06355819,1035800137520.5043,BTC
2025-10-10 16:31:52.051298,54075.14646153788,35990259.67448896,1027427782769.2197,BTC
2025-10-10 17:31:52.051298,53621.0656455091,40284676.070419796,1018800247264.673,BTC
2025-10-10 18:31:52.051298,53299.66492162121,17633059.434597496,1012693633510.803,BTC
2025-10-10 19:31:52.051298,52167.63561727944,40926430.5735791,991185076728.3093,BTC
2025-10-10 20:31:52.051298,51893.36165332947,4925627.472849082,985973871413.2599,BTC
2025-10-10 21:31:52.051298,51499.42219584087,44846016.146965854,978489021720.9764,BTC
2025-10-10 22:31:52.051298,51576.87412689456,27832026.431533076,979960608410.9966,BTC
2025-10-10 23:31:52.051298,51753.14117634229,41047590.72816219,983309682350.5034,BTC
2025-10-11 00:31:52.051298,52724.118519471056,23163595.941396706,1001758251869.9501,BTC
2025-10-11 01:31:52.051298,53225.221110353574,32535307.064629722,1011279201096.7179,BTC
2025-10-11 02:31:52.051298,52918.16286403355,26793730.385869548,1005445094416.6375,BTC
2025-10-11 03:31:52.051298,52442.73832505505,36847886.566011265,996412028176.0459,BTC
2025-10-11 04:31:52.051298,52700.71420893898,4999869.119498889,1001313569969.8407,BTC
2025-10-11 05:31:52.051298,52004.94187961552,3957252.115537626,988093895712.695,BTC
2025-10-11 06:31:52.051298,52957.3909463472,13108058.466497175,1006190427980.5968,BTC
2025-10-11 07:31:52.051298,53581.99166205564,8817689.32554623,1018057841579.0571,BTC
2025-10-11 08:31:52.051298,53330.5980032645,43717394.763017885,1013281362062.0255,BTC
2025-10-11 09:31:52.051298,52416.97311429993,11741485.38054417,995922489171.6986,BTC
2025-10-11 10:31:52.051298,53126.63203266815,48817397.53513744,1009406008620.695,BTC
2025-10-11 11:31:52.051298,53065.78087055001,17507893.796784237,1008249836540.4501,BTC
2025-10-11 12:31:52.051298,53722.637762241764,9923777.868746266,1020730117482.5935,BTC
2025-10-11 13:31:52.051298,52866.06916672668,39695226.84998148,1004455314167.8069,BTC
2025-10-11 14:31:52.051298,52549.203152523856,33276680.99954293,998434859897.9532,BTC
2025-10-11 15:31:52.051298,52551.95867494148,25411590.10620381,998487214823.8882,BTC
2025-10-11 16:31:52.051298,52576.647897161965,28212813.99594393,998956310046.0774,BTC
2025-10-11 17:31:52.051298,52340.018558915624,36240887.13534093,994460352619.3969,BTC
2025-10-11 18:31:52.051298,52666.018329100494,12194282.325233638,1000654348252.9094,BTC
2025-10-11 19:31:52.051298,52103.745158076636,49820361.88678035,989971158003.456,BTC
2025-10-11 20:31:52.051298,52029.56011404376,48764864.945192374,988561642166.8314,BTC
2025-10-11 21:31:52.051298,52092.14940205987,32865958.630999908,989750838639.1376,BTC
2025-10-11 22:31:52.051298,52360.131648079965,10777580.09552811,994842501313.5193,BTC
2025-10-11 23:31:52.051298,52732.73413507463,34331183.87913328,1001921948566.418,BTC
2025-10-12 00:31:52.051298,52139.67961081462,4537722.039979616,990653912605.4778,BTC
2025-10-12 01:31:52.051298,51339.79739732896,2501972.608084497,975456150549.2502,BTC
2025-10-12 02:31:52.051298,51995.75408908429,13626461.53704947,987919327692.6014,BTC
2025-10-12 03:31:52.051298,52168.543265556764,23668524.8802265,991202322045.5785,BTC
2025-10-12 04:31:52.051298,51778.06874289639,43545352.76501065,983783306115.0314,BTC
2025-10-12 05:31:52.051298,52581.22527908923,36631284.41854909,999043280302.6954,BTC
2025-10-12 06:31:52.051298,52642.048419137514,37392619.53879907,1000198919963.6128,BTC
2025-10-12 07:31:52.051298,53262.85461377792,21849173.38795569,1011994237661.7805,BTC
2025-10-12 08:31:52.051298,53298.81688436882,17950814.634801183,1012677520803.0076,BTC
2025-10-12 09:31:52.051298,54397.17114730009,19180899.386245534,1033546251798.7017,BTC
2025-10-12 10:31:52.051298,55352.026909582375,49394828.623066835,1051688511282.0652,BTC
2025-10-12 11:31:52.051298,55214.22020712103,2965350.3792116414,1049070183935.2996,BTC
2025-10-12 12:31:52.051298,55750.665531449384,43484543.30999998,1059262645097.5383,BTC
2025-10-12 13:31:52.051298,56110.46691852302,29355095.020047277,1066098871451.9375,BTC
2025-10-12 14:31:52.051298,56878.41247584868,22492155.54028993,1080689837041.1249,BTC
2025-10-12 15:31:52.051298,56329.57932986369,36537625.36034169,1070262007267.4102,BTC
2025-10-12 16:31:52.051298,56716.02923126721,24846778.12981044,1077604555394.077,BTC
2025-10-12 17:31:52.051298,57316.32557261971,43797738.666001365,1089010185879.7745,BTC
2025-10-12 18:31:52.051298,56308.28072260722,45134391.336551666,1069857333729.5371,BTC
2025-10-12 19:31:52.051298,55642.008197621224,21664325.416799314,1057198155754.8032,BTC
2025-10-12 20:31:52.051298,54507.33846210342,14564562.064517528,1035639430779.965,BTC
2025-10-12 21:31:52.051298,54360.49196701269,30025166.101074748,1032849347373.2411,BTC
2025-10-12 22:31:52.051298,54750.55146733458,45705803.93521786,1040260477879.357,BTC
2025-10-12 23:31:52.051298,55573.10023836555,11322447.261277663,1055888904528.9454,BTC
2025-10-13 00:31:52.051298,55614.27700495963,31525362.594610658,1056671263094.2329,BTC
2025-10-13 01:31:52.051298,56520.01976581949,31946450.784533508,1073880375550.5703,BTC
2025-10-13 02:31:52.051298,55739.98614884807,36922538.09834877,1059059736828.1133,BTC
2025-10-13 03:31:52.051298,54790.521013089594,7446816.57123573,1041019899248.7023,BTC
2025-10-13 04:31:52.051298,54760.08613945336,36075423.26942234,1040441636649.6138,BTC
2025-10-13 05:31:52.051298,54970.40071012439,45542593.51261641,1044437613492.3634,BTC
2025-10-13 06:31:52.051298,54952.4282760859,9804472.334641857,1044096137245.6321,BTC
2025-10-13 07:31:52.051298,53816.318638911886,12639622.921270004,1022510054139.3258,BTC
2025-10-13 08:31:52.051298,53768.35751447656,48598359.60804034,1021598792775.0546,BTC
2025-10-13 09:31:52.051298,53066.9656897778,9867870.682765,1008272348105.7782,BTC
2025-10-13 10:31:52.051298,53422.34059149929,42864869.57510938,1015024471238.4866,BTC
2025-10-13 11:31:52.051298,53618.18595513161,25121614.965953704,1018745533147.5006,BTC
2025-10-13 12:31:52.051298,53114.23946354391,13114322.645755675,1009170549807.3344,BTC
2025-10-13 13:31:52.051298,52841.30295854577,43666745.16235306,1003984756212.3696,BTC
2025-10-13 14:31:52.051298,52281.60073246655,22819957.49513061,993350413916.8644,BTC
2025-10-13 15:31:52.051298,52248.83109708747,26226050.34255482,992727790844.662,BTC
2025-10-13 16:31:52.051298,52747.88179486297,18602435.10058852,1002209754102.3965,BTC
2025-10-13 17:31:52.051298,52227.93218512072,30054591.720311444,992330711517.2937,BTC
2025-10-13 18:31:52.051298,52491.18525742685,9012669.756666116,997332519891.1101,BTC
2025-10-13 19:31:52.051298,52212.84674862535,20162995.295936275,992044088223.8817,BTC
2025-10-13 20:31:52.051298,51798.86527180472,48501203.794429086,984178440164.2898,BTC
2025-10-13 21:31:52.051298,51743.42475985193,13648538.202355249,983125070437.1866,BTC
2025-10-13 22:31:52.051298,51207.75492766872,33180096.562523317,972947343625.7057,BTC
2025-10-13 23:31:52.051298,50924.243548227794,16934313.14701005,967560627416.3281,BTC
2025-10-14 00:31:52.051298,50314.23329279547,38900183.15864343,955970432563.1139,BTC
2025-10-14 01:31:52.051298,51302.76967973321,7412809.375199142,974752623914.931,BTC
2025-10-14 02:31:52.051298,51320.86085858216,48521231.20884869,975096356313.061,BTC
2025-10-14 03:31:52.051298,50961.75570423327,23235687.527798325,968273358380.4321,BTC
2025-10-14 04:31:52.051298,51070.80362359778,12566472.703976734,970345268848.3578,BTC
2025-10-14 05:31:52.051298,51013.43678592596,4601340.61917062,969255298932.5933,BTC
2025-10-14 06:31:52.051298,50900.71259895196,9318137.349289495,967113539380.0873,BTC
2025-10-14 07:31:52.051298,51213.32782581953,26468923.479244865,973053228690.571,BTC
2025-10-14 08:31:52.051298,51601.27273267191,17513155.64513303,980424181920.7664,BTC
2025-10-14 09:31:52.051298,51327.527388643444,41615284.92824786,975223020384.2255,BTC
2025-10-14 10:31:52.051298,51031.97412346774,22113488.659428492,969607508345.8871,BTC
2025-10-14 11:31:52.051298,50891.609812551156,13186999.356793866,966940586438.4719,BTC
2025-10-14 12:31:52.051298,49720.12507520139,31240104.34359747,944682376428.8264,BTC
2025-10-14 13:31:52.051298,48966.77018394799,35632083.627386846,930368633495.0118,BTC
2025-10-14 14:31:52.051298,49636.084365191076,9185053.487146543,943085602938.6305,BTC
2025-10-14 15:31:52.051298,50452.58192724473,9213341.598127566,958599056617.6499,BTC
2025-10-14 16:31:52.051298,50326.936815359186,2796899.9197436054,956211799491.8246,BTC
2025-10-14 17:31:52.051298,50617.100273860815,37083698.738216385,961724905203.3555,BTC
2025-10-14 18:31:52.051298,50774.64607668867,33526421.853468448,964718275457.0847,BTC
2025-10-14 19:31:52.051298,52337.9369103049,24256912.91174088,994420801295.7932,BTC
2025-10-14 20:31:52.051298,52923.89932111513,42364351.999490656,1005554087101.1875,BTC
2025-10-14 21:31:52.051298,52856.20034378586,40477837.494552605,1004267806531.9313,BTC
2025-10-14 22:31:52.051298,52351.1379741362,29682363.855440855,994671621508.5879,BTC
2025-10-14 23:31:52.051298,51510.14504453773,43545292.74514967,978692755846.2168,BTC
2025-10-15 00:31:52.051298,51614.949458485826,11086219.291801644,980684039711.2307,BTC
2025-10-15 01:31:52.051298,51224.55940357845,6484061.3504886655,973266628667.9906,BTC
2025-10-15 02:31:52.051298,50496.016207235996,14217730.964332491,959424307937.4839,BTC
2025-10-15 03:31:52.051298,50169.522658817295,3797255.948376428,953220930517.5286,BTC
2025-10-15 04:31:52.051298,49626.91518807798,27027306.87205057,942911388573.4817,BTC
2025-10-15 05:31:52.051298,50464.1915364182,46893678.92245311,958819639191.9458,BTC
2025-10-15 06:31:52.051298,50909.10391202639,2927833.4927569726,967272974328.5013,BTC
2025-10-15 07:31:52.051298,50905.04511177398,6983385.786491313,967195857123.7056,BTC
2025-10-15 08:31:52.051298,51658.41134330501,23157752.385888327,981509815522.7952,BTC
2025-10-15 09:31:52.051298,51698.378581918965,46759875.85886734,982269193056.4603,BTC
2025-10-15 10:31:52.051298,51253.108614850025,16491649.143860774,973809063682.1505,BTC
2025-10-15 11:31:52.051298,52033.75705251198,25854505.62573123,988641383997.7277,BTC
2025-10-15 12:31:52.051298,52314.172195374435,3037070.0934692128,993969271712.1143,BTC
2025-10-15 13:31:52.051298,51771.545456110194,8268816.847142355,983659363666.0938,BTC
2025-10-15 14:31:52.051298,51673.00418086558,49344876.024983495,981787079436.446,BTC
2025-10-15 15:31:52.051298,51220.54592418565,48290816.12536623,973190372559.5273,BTC
2025-10-15 16:31:52.051298,50512.26835294755,1242059.0657860711,959733098706.0034,BTC
2025-10-15 17:31:52.051298,50980.10164118148,47638777.48573871,968621931182.4481,BTC
2025-10-15 18:31:52.051298,51953.52418524678,32316876.95295952,987116959519.6888,BTC
2025-10-15 19:31:52.051298,51226.919042535636,43527996.431481086,973311461808.1771,BTC
2025-10-15 20:31:52.051298,51515.31083764949,23282252.926059097,978790905915.3403,BTC
2025-10-15 21:31:52.051298,51180.13029572432,26264205.40038326,972422475618.762,BTC
2025-10-15 22:31:52.051298,50930.81888961,24953482.432589088,967685558902.59,BTC
2025-10-15 23:31:52.051298,50629.10781294285,33676348.61975911,961953048445.9142,BTC
2025-10-16 00:31:52.051298,50191.67699466778,7842911.483059333,953641862898.6879,BTC
2025-10-16 01:31:52.051298,50216.0308134384,2468705.9037612197,954104585455.3297,BTC
2025-10-16 02:31:52.051298,49798.76064693714,16088567.137968354,946176452291.8057,BTC
2025-10-16 03:31:52.051298,49933.44479426055,35529357.374095686,948735451090.9504,BTC
2025-10-16 04:31:52.051298,49908.35917561308,10890819.15402447,948258824336.6484,BTC
2025-10-16 05:31:52.051298,49789.10412613988,33998189.232920945,945992978396.6577,BTC
2025-10-16 06:31:52.051298,49337.23630943498,48525690.25925625,937407489879.2646,BTC
2025-10-16 07:31:52.051298,49052.67327510741,5601135.073681501,932000792227.0408,BTC
2025-10-16 08:31:52.051298,49423.212865060545,33957503.793031186,939041044436.1504,BTC
2025-10-16 09:31:52.051298,49670.782232977814,22743760.745923985,943744862426.5785,BTC
2025-10-16 10:31:52.051298,49185.22289612687,43538970.46449776,934519235026.4105,BTC
2025-10-16 11:31:52.051298,49234.0797119601,9680339.682921909,935447514527.2418,BTC
2025-10-16 12:31:52.051298,49604.01824722637,34938671.65908206,942476346697.301,BTC
2025-10-16 13:31:52.051298,48775.926146958765,42067649.1927574,926742596792.2166,BTC
2025-10-16 14:31:52.051298,49040.95511310597,47286096.75422714,931778147149.0134,BTC
2025-10-16 15:31:52.051298,48715.99809291256,34479153.38619264,925603963765.3386,BTC
2025-10-16 16:31:52.051298,48993.97092942259,25361563.436412938,930885447659.0292,BTC
2025-10-16 17:31:52.051298,48620.01996014999,31274514.769859478,923780379242.8499,BTC
2025-10-16 18:31:52.051298,47742.48592254973,43576344.23945719,907107232528.4448,BTC
2025-10-16 19:31:52.051298,46965.456703259835,28959877.585302655,892343677361.9369,BTC
2025-10-16 20:31:52.051298,46988.04001806487,2488965.9251450063,892772760343.2325,BTC
2025-10-16 21:31:52.051298,47110.078531109684,46616486.07984191,895091492091.084,BTC
2025-10-16 22:31:52.051298,46684.05425885312,34786810.8005465,886997030918.2092,BTC
2025-10-16 23:31:52.051298,46982.17510880169,34149155.90308508,892661327067.232,BTC
2025-10-17 00:31:52.051298,46201.55684367861,11568082.467488142,877829580029.8937,BTC
2025-10-17 01:31:52.051298,46171.02694794439,33285388.0414002,877249512010.9434,BTC
2025-10-17 02:31:52.051298,45611.88833200809,20299355.877053764,866625878308.1538,BTC
2025-10-17 03:31:52.051298,45314.57357440966,32910415.87503311,860976897913.7836,BTC
2025-10-17 04:31:52.051298,45336.052080196634,6223058.485091546,861384989523.7361,BTC
2025-10-17 05:31:52.051298,44945.97462880653,33234419.925548766,853973517947.3241,BTC
2025-10-17 06:31:52.051298,44773.132391463325,49971272.56276266,850689515437.8032,BTC
2025-10-17 07:31:52.051298,45223.68120317868,3362389.904167245,859249942860.395,BTC
2025-10-17 08:31:52.051298,44962.789463218476,48881535.026844546,854292999801.151,BTC
2025-10-17 09:31:52.051298,45338.53994812704,20938490.07542066,861432259014.4138,BTC
2025-10-17 10:31:52.051298,44826.34735453137,43666919.0665257,851700599736.096,BTC
2025-10-17 11:31:52.051298,45063.839215622495,39336888.718855396,856212945096.8274,BTC
2025-10-17 12:31:52.051298,45713.465381018636,28783796.788346723,868555842239.3541,BTC
2025-10-17 13:31:52.051298,44583.5910281111,37184011.253315,847088229534.1108,BTC
2025-10-17 14:31:52.051298,44228.306506489724,44047262.503766045,840337823623.3048,BTC
2025-10-17 15:31:52.051298,44483.535735662655,20802875.760900617,845187178977.5905,BTC
2025-10-17 16:31:52.051298,44393.21396880261,17024624.916598696,843471065407.2495,BTC
2025-10-17 17:31:52.051298,44557.977550504715,33712075.89261565,846601573459.5896,BTC
2025-10-17 18:31:52.051298,44288.853966599505,40584451.15512167,841488225365.3906,BTC
2025-10-17 19:31:52.051298,44327.20359112336,38351971.604054175,842216868231.3439,BTC
2025-10-17 20:31:52.051298,44258.19622604608,40092868.79407309,840905728294.8755,BTC
2025-10-17 21:31:52.051298,44775.03550238805,22343582.425833717,850725674545.3729,BTC
2025-10-17 22:31:52.051298,44888.95252530164,41073876.59257606,852890097980.7312,BTC
2025-10-17 23:31:52.051298,45040.49882400474,6890243.713159814,855769477656.0901,BTC
2025-10-18 00:31:52.051298,44854.987383922,27679965.80008163,852244760294.5181,BTC
2025-10-18 01:31:52.051298,44636.27167363107,1282174.364407957,848089161798.9904,BTC
2025-10-18 02:31:52.051298,44443.19382576937,16904705.665113244,844420682689.618,BTC
2025-10-18 03:31:52.051298,44618.50095595646,18956615.208698496,847751518163.1727,BTC
2025-10-18 04:31:52.051298,44430.663991357236,20412461.888853513,844182615835.7875,BTC
2025-10-18 05:31:52.051298,44559.412884356316,35077893.12780324,846628844802.77,BTC
2025-10-18 06:31:52.051298,45484.19929522996,20039346.96224694,864199786609.3693,BTC
2025-10-18 07:31:52.051298,45880.423391448814,22985987.508504003,871728044437.5275,BTC
2025-10-18 08:31:52.051298,45730.842414534454,12639662.412842046,868886005876.1547,BTC
2025-10-18 09:31:52.051298,46280.167660340696,19289337.789837662,879323185546.4733,BTC
2025-10-18 10:31:52.051298,46091.309693525756,12136211.735894423,875734884176.9894,BTC
2025-10-18 11:31:52.051298,45151.911402077196,4586600.264653739,857886316639.4667,BTC
2025-10-18 12:31:52.051298,44696.7411641153,30568981.075687516,849238082118.1907,BTC
2025-10-18 13:31:52.051298,43860.55814145519,33742427.129195794,833350604687.6487,BTC
2025-10-18 14:31:52.051298,43706.382365412195,31355026.95447111,830421264942.8317,BTC
2025-10-18 15:31:52.051298,43714.43237264629,23711208.146228045,830574215080.2795,BTC
2025-10-18 16:31:52.051298,44447.27742779068,19609503.228782263,844498271128.023,BTC
2025-10-18 17:31:52.051298,44592.587744595025,43303348.829019435,847259167147.3054,BTC
2025-10-18 18:31:52.051298,44494.88514903706,26435007.471674684,845402817831.7041,BTC
2025-10-18 19:31:52.051298,44863.928209804355,24479912.00385682,852414635986.2827,BTC
2025-10-18 20:31:52.051298,43871.92605214942,2256461.2245153487,833566594990.839,BTC
2025-10-18 21:31:52.051298,43975.29469685091,17721143.55368166,835530599240.1674,BTC
2025-10-18 22:31:52.051298,44314.28493757815,19629585.320506997,841971413813.9849,BTC
2025-10-18 23:31:52.051298,43659.06001557543,20542316.263948124,829522140295.9331,BTC
2025-10-19 00:31:52.051298,44158.41227972971,29428446.09213928,839009833314.8645,BTC
2025-10-19 01:31:52.051298,44307.88691890317,27146524.789617043,841849851459.1602,BTC
2025-10-19 02:31:52.051298,44123.88161962413,30787349.546878785,838353750772.8585,BTC
2025-10-19 03:31:52.051298,44403.08954113532,38479279.81556428,843658701281.571,BTC
2025-10-19 04:31:52.051298,45411.34732399037,40836301.19708858,862815599155.817,BTC
2025-10-19 05:31:52.051298,45493.93524074012,36188030.73509823,864384769574.0623,BTC
2025-10-19 06:31:52.051298,45606.86055352578,47820661.1017918,866530350516.9899,BTC
2025-10-19 07:31:52.051298,45397.360468635045,1893396.5511417198,862549848904.0658,BTC
2025-10-19 08:31:52.051298,45011.55355680671,10593121.298493758,855219517579.3275,BTC
2025-10-19 09:31:52.051298,45385.30060757187,1370580.873928964,862320711543.8656,BTC
2025-10-19 10:31:52.051298,44996.76438973033,32726260.993575547,854938523404.8762,BTC
2025-10-19 11:31:52.051298,45028.966880874534,45003496.898549356,855550370736.6161,BTC
2025-10-19 12:31:52.051298,44813.88266736664,12930632.532238664,851463770679.9662,BTC
2025-10-19 13:31:52.051298,45028.53212447698,46424692.69501903,855542110365.0626,BTC
2025-10-19 14:31:52.051298,45178.775272743325,3953102.124188482,858396730182.1232,BTC
2025-10-19 15:31:52.051298,45647.52311252455,46787365.3134702,867302939137.9664,BTC
2025-10-19 16:31:52.051298,45414.71325897966,18229511.674742088,862879551920.6135,BTC
2025-10-19 17:31:52.051298,45292.15033095832,5969620.594011609,860550856288.2081,BTC
2025-10-19 18:31:52.051298,44848.847197421324,24807716.200129956,852128096751.0051,BTC
2025-10-19 19:31:52.051298,44649.58679210135,13582051.818304889,848342149049.9257,BTC
2025-10-19 20:31:52.051298,44818.049903210434,14958772.196134219,851542948160.9983,BTC
2025-10-19 21:31:52.051298,45157.317439180166,16057208.281388042,857989031344.4231,BTC
2025-10-19 22:31:52.051298,44740.89231642723,40348268.993800506,850076954012.1173,BTC
2025-10-19 23:31:52.051298,45129.96176471897,27418902.55708747,857469273529.6605,BTC
2025-10-20 00:31:52.051298,45741.7606120657,16254077.258644179,869093451629.2483,BTC
2025-10-20 01:31:52.051298,45930.87301578501,30906355.382234998,872686587299.9152,BTC
2025-10-20 02:31:52.051298,46792.90171721662,36091383.036936484,889065132627.1158,BTC
2025-10-20 03:31:52.051298,46430.82329778165,14358576.035943154,882185642657.8513,BTC
2025-10-20 04:31:52.051298,45852.9198718196,21263905.974742223,871205477564.5724,BTC
2025-10-20 05:31:52.051298,45037.32470134569,6972418.57351043,855709169325.5681,BTC
2025-10-20 06:31:52.051298,45711.10303558708,9876318.127199335,868510957676.1545,BTC
2025-10-20 07:31:52.051298,46010.22079499258,34374774.844284154,874194195104.859,BTC
2025-10-20 08:31:52.051298,45984.64616517851,9890479.03708572,873708277138.3916,BTC
2025-10-20 09:31:52.051298,46113.38874736519,26733005.799685948,876154386199.9386,BTC
2025-10-20 10:31:52.051298,45594.387607675475,35743266.8243992,866293364545.834,BTC
2025-10-20 11:31:52.051298,46709.51324518437,6236969.231642448,887480751658.5029,BTC
2025-10-20 12:31:52.051298,46769.87183029467,28798298.761816274,888627564775.5988,BTC
2025-10-20 13:31:52.051298,46821.0356355204,13571576.401366824,889599677074.8876,BTC
2025-10-20 14:31:52.051298,47160.84708512672,48183416.88664141,896056094617.4077,BTC
2025-10-20 15:31:52.051298,47387.69511337141,24693736.68927631,900366207154.0568,BTC
2025-10-20 16:31:52.051298,47493.78859220435,40493634.93898275,902381983251.8827,BTC
2025-10-20 17:31:52.051298,47118.36232545978,27961100.565656826,895248884183.7357,BTC
2025-10-20 18:31:52.051298,47340.51049422501,3127214.109886139,899469699390.2751,BTC
2025-10-20 19:31:52.051298,48231.47049848266,32024417.404107094,916397939471.1705,BTC
2025-10-20 20:31:52.051298,48880.38637112457,47618763.7681262,928727341051.3668,BTC
2025-10-20 21:31:52.051298,49659.14214983899,30478979.18717023,943523700846.9408,BTC
2025-10-20 22:31:52.051298,49405.27683038777,41140254.11191272,938700259777.3676,BTC
2025-10-20 23:31:52.051298,48916.359829412155,44326116.70407198,929410836758.8309,BTC
2025-10-21 00:31:52.051298,48854.829446957876,12175908.82549769,928241759492.1996,BTC
2025-10-21 01:31:52.051298,48882.053757815986,11390197.155503105,928759021398.5038,BTC
2025-10-21 02:31:52.051298,49416.91704408841,30938068.453698594,938921423837.6798,BTC
2025-10-21 03:31:52.051298,48580.5532020217,21140395.020528533,923030510838.4124,BTC
2025-10-21 04:31:52.051298,49323.61720871895,42153203.84046929,937148726965.66,BTC
2025-10-21 05:31:52.051298,49245.6819976643,45101133.046502545,935667957955.6217,BTC
2025-10-21 06:31:52.051298,49035.46150344977,18317647.58583319,931673768565.5457,BTC
2025-10-21 07:31:52.051298,48539.171452144335,12606657.38974962,922244257590.7424,BTC
2025-10-21 08:31:52.051298,47735.91773490016,39245750.246949226,906982436963.103,BTC
2025-10-21 09:31:52.051298,48128.865767678115,14465495.741858669,914448449585.8842,BTC
2025-10-21 10:31:52.051298,48164.15287368982,41308101.60717024,915118904600.1066,BTC
2025-10-21 11:31:52.051298,47542.854133927714,21763174.428789377,903314228544.6266,BTC
2025-10-21 12:31:52.051298,46927.136722406045,33709945.065282054,891615597725.7148,BTC
2025-10-21 13:31:52.051298,46769.56257747724,5681230.377898741,888621688972.0676,BTC
2025-10-21 14:31:52.051298,47550.15664417903,31569106.90915208,903452976239.4015,BTC
2025-10-21 15:31:52.051298,47426.72054997089,23136616.25812423,901107690449.4469,BTC
2025-10-21 16:31:52.051298,46713.82914212898,29743814.69559823,887562753700.4507,BTC
2025-10-21 17:31:52.051298,46599.03314704324,9232696.179498307,885381629793.8217,BTC
2025-10-21 18:31:52.051298,46471.94660037673,37106813.502264924,882966985407.1578,BTC
2025-10-21 19:31:52.051298,45218.65087979623,43277056.7996182,859154366716.1284,BTC
2025-10-21 20:31:52.051298,45194.09947365989,11620250.204448007,858687889999.5378,BTC
2025-10-21 21:31:52.051298,45089.730692358346,5690013.220487924,856704883154.8086,BTC
2025-10-21 22:31:52.051298,45403.64826731577,2158290.7162704836,862669317078.9996,BTC
2025-10-21 23:31:52.051298,46243.14178928186,32456603.521720033,878619693996.3553,BTC
2025-10-22 00:31:52.051298,46764.10085324409,30747607.76835026,888517916211.6377,BTC
2025-10-22 01:31:52.051298,46638.35747481006,27788173.222989433,886128792021.3911,BTC
2025-10-22 02:31:52.051298,46122.29196593972,12365407.709682796,876323547352.8547,BTC
2025-10-22 03:31:52.051298,47309.18448772876,20154393.799370218,898874505266.8464,BTC
2025-10-22 04:31:52.051298,47337.200245927415,30129340.42412248,899406804672.6208,BTC
2025-10-22 05:31:52.051298,47343.79398273309,25341576.0840993,899532085671.9287,BTC
2025-10-22 06:31:52.051298,47332.37225119358,49401490.49052948,899315072772.678,BTC
2025-10-22 07:31:52.051298,47426.130467533105,7685547.875279923,901096478883.129,BTC
2025-10-22 08:31:52.051298,47357.66591023059,35062083.1483321,899795652294.3812,BTC
2025-10-22 09:31:52.051298,47085.99297355833,20811619.637110315,894633866497.6083,BTC
2025-10-22 10:31:52.051298,46828.4990109106,21981781.13135512,889741481207.3014,BTC
2025-10-22 11:31:52.051298,46813.16114609146,36162290.517250635,889450061775.7377,BTC
2025-10-22 12:31:52.051298,46558.766832272835,34929371.41489411,884616569813.1838,BTC
2025-10-22 13:31:52.051298,46226.874626442484,49571543.691407226,878310617902.4072,BTC
2025-10-22 14:31:52.051298,46276.073994362254,7291320.183252136,879245405892.8828,BTC
2025-10-22 15:31:52.051298,46158.08054855981,6101372.819824151,877003530422.6364,BTC
2025-10-22 16:31:52.051298,46852.2948436745,36492602.03930832,890193602029.8154,BTC
2025-10-22 17:31:52.051298,45610.25465282941,29340958.933314044,866594838403.7588,BTC
2025-10-22 18:31:52.051298,46108.09370754432,14433872.661430487,876053780443.3422,BTC
2025-10-22 19:31:52.051298,46682.63983577696,4891549.0804603435,886970156879.7622,BTC
2025-10-22 20:31:52.051298,45714.72654119168,5197254.230225096,868579804282.642,BTC
2025-10-22 21:31:52.051298,45558.06784466726,44815352.858541794,865603289048.678,BTC
2025-10-22 22:31:52.051298,45388.84656293408,10401498.911218403,862388084695.7476,BTC
2025-10-22 23:31:52.051298,44749.993239463256,16845206.543660518,850249871549.8019,BTC
2025-10-23 00:31:52.051298,44401.920324350926,12106163.709122414,843636486162.6676,BTC
2025-10-23 01:31:52.051298,43908.8033223057,18394818.98576493,834267263123.8082,BTC
2025-10-23 02:31:52.051298,44678.204304983476,4401768.294558575,848885881794.686,BTC
2025-10-23 03:31:52.051298,45096.248609111484,26433929.754505247,856828723573.1182,BTC
2025-10-23 04:31:52.051298,45669.67225595187,4313015.61601853,867723772863.0854,BTC
2025-10-23 05:31:52.051298,45999.25752236317,40217468.883295715,873985892924.9003,BTC
2025-10-23 06:31:52.051298,45479.90209056016,12451892.013611218,864118139720.643,BTC
2025-10-23 07:31:52.051298,45241.350787010975,27460583.81562102,859585664953.2085,BTC
2025-10-23 08:31:52.051298,45462.7504489185,44123875.29051145,863792258529.4515,BTC
2025-10-23 09:31:52.051298,44907.13753299512,32892991.083312515,853235613126.9072,BTC
2025-10-23 10:31:52.051298,45227.324718640724,27114931.54101543,859319169654.1737,BTC
2025-10-23 11:31:52.051298,45118.63197043438,16892353.902653404,857254007438.2532,BTC
2025-10-23 12:31:52.051298,44949.517949727466,17317093.7398517,854040841044.8219,BTC
2025-10-23 13:31:52.051298,45269.09102825047,33804860.80471132,860112729536.7589,BTC
2025-10-23 14:31:52.051298,45470.2049911322,49712828.69983721,863933894831.5118,BTC
2025-10-23 15:31:52.051298,45306.07293558564,33430120.302619554,860815385776.1271,BTC
2025-10-23 16:31:52.051298,45831.31974186182,28331387.45113122,870795075095.3746,BTC
2025-10-23 17:31:52.051298,45335.8541515775,36801875.00172306,861381228879.9725,BTC
2025-10-23 18:31:52.051298,45615.09382000938,23795075.00190219,866686782580.1782,BTC
2025-10-23 19:31:52.051298,45885.63751527932,3946974.7874384755,871827112790.307,BTC
2025-10-23 20:31:52.051298,45743.60015819425,28552543.97801758,869128403005.6907,BTC
2025-10-23 21:31:52.051298,45892.78514387251,47923638.94076363,871962917733.5778,BTC
2025-10-23 22:31:52.051298,45318.61427835619,9589844.175525323,861053671288.7676,BTC
2025-10-23 23:31:52.051298,45737.37051901836,34810239.65021262,869010039861.3489,BTC
2025-10-24 00:31:52.051298,45652.801143775854,10845750.744293768,867403221731.7412,BTC
2025-10-24 01:31:52.051298,45414.16344268555,27255556.539180983,862869105411.0255,BTC
2025-10-24 02:31:52.051298,45890.56220703597,5737146.032689261,871920681933.6833,BTC
2025-10-24 03:31:52.051298,45567.33492757611,23068175.87665107,865779363623.946,BTC
2025-10-24 04:31:52.051298,44925.53665133684,38052003.115867056,853585196375.4,BTC
2025-10-24 05:31:52.051298,44226.21264145996,18031004.68771012,840298040187.7393,BTC
2025-10-24 06:31:52.051298,44494.22789117049,33580674.49987368,845390329932.2394,BTC
2025-10-24 07:31:52.051298,43924.51073708536,39977048.07869673,834565704004.6218,BTC
2025-10-24 08:31:52.051298,44695.29549596483,46431713.15449318,849210614423.3317,BTC
2025-10-24 09:31:52.051298,43764.77099509381,12497462.010917224,831530648906.7823,BTC
2025-10-24 10:31:52.051298,44507.22123970763,20566479.8746561,845637203554.445,BTC
2025-10-24 11:31:52.051298,44601.13925068993,8468384.653190454,847421645763.1086,BTC
2025-10-24 12:31:52.051298,44558.00410099094,49631691.60576039,846602077918.8279,BTC
2025-10-24 13:31:52.051298,44315.19903194353,46423047.42829047,841988781606.927,BTC
2025-10-24 14:31:52.051298,44492.076995427014,27457899.38374742,845349462913.1133,BTC
2025-10-24 15:31:52.051298,44475.332534647154,42259631.424444646,845031318158.2959,BTC
2025-10-24 16:31:52.051298,44966.02971553503,26526940.886330068,854354564595.1655,BTC
2025-10-24 17:31:52.051298,45017.393353975756,31555698.712135226,855330473725.5394,BTC
2025-10-24 18:31:52.051298,45085.055289151,5367097.173684814,856616050493.869,BTC
2025-10-24 19:31:52.051298,44921.12052223628,38008250.604343586,853501289922.4893,BTC
2025-10-24 20:31:52.051298,44895.539909972395,7257960.698126506,853015258289.4755,BTC
